customer_id,customer_name,city,clean_city,state,signup_date,segment
1001,Aarav Sharma,Pune,Pune,Maharashtra,2024-02-14,Consumer
1002,Priya Patil,Nashik,Nashik,Maharashtra,2024-03-21,Consumer
1003,Rahul Mehta,Mumbai,Mumbai,Maharashtra,2024-05-09,Corporate
1004,Sneha Joshi,Bengaluru,Bengaluru,Karnataka,2024-06-17,Consumer
1005,Vikram Singh,Delhi,Delhi,Delhi,2024-07-04,Corporate
1006,Neha Kulkarni,Pune ,Pune,Maharashtra,2024-08-11,Consumer
1007,Rohan Desai,Ahmedabad,Ahmedabad,Gujarat,2024-09-26,Home Office
1008,Ananya Rao,Hyderabad,Hyderabad,Telangana,2024-10-03,Consumer
1009,Karan Shah,Mumbai,Mumbai,Maharashtra,2024-11-19,Corporate 
1010,Isha Nair,Kochi,Kochi,Kerala,2025-01-12,Consumer
1011,Aditya Verma,Jaipur,Jaipur,Rajasthan,2025-02-08,Home Office
1012,Meera Iyer,Chennai,Chennai,Tamil Nadu,2025-03-15,Consumer