order_id,customer_id,order_date,product_id,selling_price,cost_price,quantity,discount,Revenue,profit,profit_margin,payment_method,clean_payment_method,order_status,clean_order_status
O1001,1001,2025-01-05,P001,699,450,2,0.05,1328.1,428.1,32.23%,UPI,UPI,Delivered,Delivered
O1002,1002,2025-01-08,P005,7999,5200,1,0.1,7199.1,1999.1,27.77%,Card,Card,Delivered,Delivered
O1003,1003,2025-01-14,P010,8999,6500,2,0,17998,4998,27.77%,Card,Card,Delivered,Delivered
O1004,1004,2025-01-19,P006,299,180,5,0,1495,595,39.80%,UPI,UPI,Delivered,Delivered
O1005,1005,2025-01-25,P002,2799,1800,1,0.05,2659.05,859.05,32.31%,Net Banking,Net Banking,Delivered,Delivered
O1006,1006,2025-02-03,P003,1499,900,2,0.1,2698.2,898.2,33.29%,UPI,UPI,Delivered,Delivered
O1007,1007,2025-02-11,P009,1499,900,1,0,1499,599,39.96%,card,Card,Delivered,Delivered
O1008,1008,2025-02-18,P004,1799,1100,2,0.05,3418.1,1218.1,35.64%,UPI,UPI,Cancelled,Cancelled
O1009,1009,2025-02-24,P005,7999,5200,1,0.15,6799.15,1599.15,23.52%,Card,Card,Delivered,Delivered
O1010,1010,2025-03-02,P008,599,350,3,0,1797,747,41.57%,UPI,UPI,Delivered,Delivered
O1011,1011,2025-03-10,P007,1199,700,2,0.05,2278.1,878.1,38.55%,Cash,Cash,Delivered,Delivered
O1012,1012,2025-03-18,P010,8999,6500,1,0.1,8099.1,1599.1,19.74%,Card,Card,Delivered,Delivered
O1013,1001,2025-04-04,P002,2799,1800,2,0,5598,1998,35.69%,UPI,UPI,Delivered,Delivered
O1014,1002,2025-04-12,P006,299,180,10,0.05,2840.5,1040.5,36.63%,UPI,UPI,Delivered,Delivered
O1015,1003,2025-04-20,P004,1799,1100,1,0,1799,699,38.85%,Card,Card,Returned,Returned
O1016,1004,2025-05-03,P005,7999,5200,1,0.2,6399.2,1199.2,18.74%,Card,Card,Delivered,Delivered
O1017,1005,2025-05-11,P001,699,450,4,0.05,2656.2,856.2,32.23%,Net Banking,Net Banking,Delivered,Delivered
O1018,1006,2025-05-23,P010,8999,6500,1,0,8999,2499,27.77%,UPI,UPI,Delivered,Delivered
O1019,1007,2025-06-01,P003,1499,900,3,0.1,4047.3,1347.3,33.29%,Card,Card,Delivered,Delivered
O1020,1008,2025-06-15,P009,1499,900,2,0,2998,1198,39.96%,UPI,UPI,Delivered,Delivered
O1021,1009,2025-06-22,P005,7999,5200,2,0.1,14398.2,3998.2,27.77%,Card,Card,Delivered,Delivered
O1022,1010,2025-07-05,P008,599,350,4,0.05,2276.2,876.2,38.49%,UPI,UPI,Delivered,Delivered
O1023,1011,2025-07-16,P007,1199,700,1,0,1199,499,41.62%,Cash,Cash,Delivered,Delivered
O1024,1012,2025-07-28,P010,8999,6500,2,0.05,17098.1,4098.1,23.97%,Card,Card,Delivered,Delivered
O1025,1001,2025-08-06,P004,1799,1100,2,0.1,3238.2,1038.2,32.06%,UPI,UPI,Delivered,Delivered
O1026,1002,2025-08-18,P005,7999,5200,1,0.25,5999.25,799.25,13.32%,UPI,UPI,Delivered ,Delivered
O1027,1003,2025-09-02,P002,2799,1800,3,0.05,7977.15,2577.15,32.31%,Card,Card,Delivered,Delivered
O1028,1004,2025-09-14,P006,299,180,8,0,2392,952,39.80%,UPI,UPI,Delivered,Delivered
O1029,1005,2025-09-27,P010,8999,6500,1,0,8999,2499,27.77%,Net Banking,Net Banking,Delivered,Delivered
O1030,1006,2025-10-09,P001,699,450,5,0.1,3145.5,895.5,28.47%,UPI,UPI,Delivered,Delivered
O1031,1007,2025-10-21,P009,1499,900,1,0.05,1424.05,524.05,36.80%,Card,Card,Delivered,Delivered
O1032,1008,2025-11-03,P003,1499,900,2,0,2998,1198,39.96%,UPI,UPI,Delivered,Delivered
O1033,1009,2025-11-17,P005,7999,5200,1,0.1,7199.1,1999.1,27.77%,Card,Card,Delivered,Delivered
O1034,1010,2025-11-29,P008,599,350,6,0,3594,1494,41.57%,UPI,UPI,Delivered,Delivered
O1035,1011,2025-12-08,P007,1199,700,3,0.05,3417.15,1317.15,38.55%,Cash,Cash,Delivered,Delivered
O1036,1012,2025-12-19,P010,8999,6500,1,0.15,7649.15,1149.15,15.02%,Card,Card,Delivered,Delivered
O1037,1003,2025-12-22,P004,1799,1100,2,0,3598,1398,38.85%,Card,Card,Delivered,Delivered
O1038,1002,2025-12-27,P006,299,180,12,0.05,3408.6,1248.6,36.63%,UPI,UPI,Delivered,Delivered